Trait Combination,Response
"Introverted, Sensing, Thinking, Judging (ISTJ)",I prefer spending my weekends organizing my home and planning my week ahead.
"Extraverted, Intuition, Feeling, Perceiving (ENFP)",I love spontaneous road trips and meeting new people along the way.
"Introverted, Feeling, Judging (INFJ)",I often find myself lost in thought about how I can help others and make a difference.
"Extraverted, Sensing, Thinking (ESTP)",I thrive in high-energy environments and enjoy taking practical approaches to solving problems.
"Introverted, Intuition, Thinking, Perceiving (INTP)",I enjoy spending time alone exploring complex ideas and theories.
"Extraverted, Sensing, Feeling, Judging (ESFJ)",I feel most fulfilled when I’m organizing social events and ensuring everyone is happy.
"Introverted, Intuition, Feeling, Perceiving (INFP)",I am passionate about my creative projects and often get lost in my imagination.
"Extraverted, Thinking, Judging (ENTJ)",I am goal-oriented and enjoy leading teams to achieve ambitious objectives.
"Introverted, Sensing, Feeling, Judging (ISFJ)","I find joy in helping my friends and family with practical, everyday tasks."
"Extraverted, Intuition, Thinking, Perceiving (ENTP)",I love debating ideas and exploring new possibilities without being tied to a strict plan.
"Introverted, Thinking, Judging (INTJ)",I prefer structured environments where I can focus on achieving my long-term goals.
"Extraverted, Sensing, Feeling (ESFP)",I enjoy being the center of attention and bringing joy to those around me with my enthusiasm.
"Introverted, Feeling, Perceiving (INFP)",I value deep connections with others and often daydream about the future.
"Extraverted, Intuition, Thinking (ENTP)",I thrive on brainstorming sessions and coming up with innovative solutions.
"Introverted, Sensing, Thinking (ISTP)","I prefer hands-on activities and solving problems with practical, immediate solutions."
"Extraverted, Intuition, Feeling (ENFJ)",I am motivated by helping others realize their potential and building strong communities.
"Introverted, Intuition, Judging (INFJ)",I enjoy reflecting on how I can contribute to a cause greater than myself.
"Extraverted, Sensing, Thinking, Judging (ESTJ)","I feel most comfortable when I’m in a position of authority, ensuring that projects run smoothly."
"Introverted, Sensing, Feeling, Perceiving (ISFP)",I love exploring new artistic hobbies and expressing my emotions through creativity.
"Extraverted, Intuition, Feeling, Judging (ENFJ)",I am passionate about creating harmony and understanding within my social circles.
"Introverted, Thinking, Perceiving (INTP)",I am fascinated by complex systems and enjoy pondering abstract concepts in my free time.
"Extraverted, Sensing, Judging (ESFJ)",I am detail-oriented and enjoy managing events that bring people together.
"Introverted, Feeling, Judging (ISFJ)",I take pride in being reliable and providing support to my loved ones.
"Extraverted, Intuition, Perceiving (ENFP)",I love exploring new ideas and following my passions wherever they lead me.
"Introverted, Sensing, Perceiving (ISTP)",I enjoy solitary activities that allow me to focus on the present moment.
"Extraverted, Thinking, Feeling (ENTJ)",I am driven to achieve and often take the lead in organizing group efforts.
"Introverted, Intuition, Thinking (INTJ)",I prefer strategic planning and enjoy working towards long-term objectives.
"Extraverted, Sensing, Perceiving (ESFP)",I live for the moment and enjoy engaging in activities that are exciting and spontaneous.
"Introverted, Feeling, Perceiving (INFP)",I am deeply introspective and often get lost in my thoughts and feelings.
"Extraverted, Thinking, Judging (ESTJ)",I am a natural leader and enjoy organizing people to achieve common goals.
"Introverted, Sensing, Thinking, Perceiving (ISTP)",I prefer practical activities that require skill and focus.
"Extraverted, Intuition, Feeling (ENFP)",I am enthusiastic about new experiences and love connecting with others on a personal level.
"Introverted, Intuition, Judging (INFJ)",I often think about how I can contribute to the greater good and help those around me.
"Extraverted, Sensing, Feeling (ESFJ)",I derive satisfaction from caring for others and ensuring everyone feels included.
"Introverted, Thinking, Judging (INTJ)",I enjoy developing strategies and working independently towards my goals.
"Extraverted, Sensing, Thinking (ESTP)",I am energetic and love taking action to solve problems efficiently.
"Introverted, Intuition, Feeling (INFP)",I value authenticity and enjoy spending time on creative pursuits that reflect my inner world.
"Extraverted, Intuition, Thinking (ENTP)",I am curious and enjoy exploring new ideas and challenging the status quo.
"Introverted, Sensing, Feeling (ISFJ)",I find fulfillment in maintaining traditions and providing a sense of stability for my loved ones.
"Extraverted, Intuition, Feeling (ENFJ)",I am dedicated to fostering positive relationships and helping others achieve their potential.
"Introverted, Thinking, Perceiving (INTP)",I enjoy analyzing complex problems and finding innovative solutions.
"Extraverted, Sensing, Judging (ESTJ)",I excel at organizing and leading projects to completion with precision.
"Introverted, Intuition, Thinking (INTJ)",I am strategic and enjoy planning for the future with a clear vision in mind.
"Extraverted, Feeling, Perceiving (ESFP)",I love socializing and bringing energy to any group I’m part of.
"Introverted, Sensing, Perceiving (ISTP)",I am practical and enjoy working on tasks that require hands-on skills.
"Extraverted, Intuition, Judging (ENFJ)",I am empathetic and often find myself leading efforts to support and uplift others.
"Introverted, Feeling, Judging (ISFJ)",I take comfort in routine and enjoy helping others feel secure and supported.
"Extraverted, Sensing, Thinking (ESTP)",I am action-oriented and love taking on challenges that require quick thinking.
"Introverted, Intuition, Perceiving (INFP)",I am deeply reflective and enjoy exploring my thoughts and feelings through creative outlets.
"Extraverted, Sensing, Feeling (ESFP)","I am vibrant and love being around people, making sure everyone is having a good time."
"Introverted, Sensing, Thinking, Judging (ISTJ)",I enjoy working on detailed projects that require accuracy and focus.
"Extraverted, Intuition, Feeling, Perceiving (ENFP)",I love exploring new cultures and meeting diverse groups of people.
"Introverted, Feeling, Judging (INFJ)",I find purpose in guiding others towards their personal growth.
"Extraverted, Sensing, Thinking (ESTP)",I thrive on fast-paced environments and quick decision making.
"Introverted, Intuition, Thinking, Perceiving (INTP)",I enjoy solving complex problems and thinking outside the box.
"Extraverted, Sensing, Feeling, Judging (ESFJ)",I love creating a welcoming environment for friends and family.
"Introverted, Intuition, Feeling, Perceiving (INFP)",I am inspired by art and love to express my emotions creatively.
"Extraverted, Thinking, Judging (ENTJ)",I am driven by challenges and enjoy achieving high standards.
"Introverted, Sensing, Feeling, Judging (ISFJ)",I am dedicated to my responsibilities and take pride in my work.
"Extraverted, Intuition, Thinking, Perceiving (ENTP)",I love discussing innovative ideas and seeing them come to life.
"Introverted, Thinking, Judging (INTJ)",I value strategic planning and setting clear objectives for success.
"Extraverted, Sensing, Feeling (ESFP)",I enjoy being spontaneous and making the most of every moment.
"Introverted, Feeling, Perceiving (INFP)",I am deeply in tune with my emotions and love to reflect on life.
"Extraverted, Intuition, Thinking (ENTP)",I enjoy lively discussions and exploring new concepts.
"Introverted, Sensing, Thinking (ISTP)",I prefer practical solutions and enjoy working with my hands.
"Extraverted, Intuition, Feeling (ENFJ)",I am passionate about leading and helping others succeed.
"Introverted, Intuition, Judging (INFJ)","I am often deep in thought, contemplating ways to make a positive impact."
"Extraverted, Sensing, Thinking, Judging (ESTJ)",I am efficient and enjoy taking charge of projects to ensure they are completed.
"Introverted, Sensing, Feeling, Perceiving (ISFP)",I enjoy living in the moment and expressing myself creatively.
"Extraverted, Intuition, Feeling, Judging (ENFJ)",I find joy in helping others reach their potential and creating a positive environment.
"Introverted, Thinking, Perceiving (INTP)",I enjoy delving into abstract theories and understanding complex systems.
"Extraverted, Sensing, Judging (ESFJ)",I am detail-oriented and enjoy ensuring everything runs smoothly.
"Introverted, Feeling, Judging (ISFJ)",I take comfort in routines and providing support to those around me.
"Extraverted, Intuition, Perceiving (ENFP)",I love pursuing new interests and going wherever my curiosity takes me.
"Introverted, Sensing, Perceiving (ISTP)",I am practical and enjoy engaging in hands-on activities.
"Extraverted, Thinking, Feeling (ENTJ)",I am a natural leader and enjoy driving teams towards success.
"Introverted, Intuition, Thinking (INTJ)",I enjoy strategic planning and working towards long-term goals.
"Extraverted, Sensing, Perceiving (ESFP)",I thrive on excitement and enjoy making spontaneous plans.
"Introverted, Feeling, Perceiving (INFP)",I am introspective and enjoy expressing my thoughts through creative outlets.
"Extraverted, Thinking, Judging (ESTJ)",I am organized and enjoy leading projects to successful completion.
"Introverted, Sensing, Thinking, Perceiving (ISTP)",I enjoy working on tasks that require precision and skill.
"Extraverted, Intuition, Feeling (ENFP)",I am enthusiastic about new experiences and love connecting with others.
"Introverted, Intuition, Judging (INFJ)",I enjoy contemplating how I can contribute to the greater good.
"Extraverted, Sensing, Feeling (ESFJ)",I find satisfaction in caring for others and making sure everyone feels included.
"Introverted, Thinking, Judging (INTJ)",I enjoy developing strategies and working independently towards my goals.
"Extraverted, Sensing, Thinking (ESTP)",I am energetic and love taking action to solve problems efficiently.
"Introverted, Intuition, Feeling (INFP)",I value authenticity and enjoy spending time on creative pursuits.
"Extraverted, Intuition, Thinking (ENTP)",I am curious and enjoy exploring new ideas and challenging the status quo.
"Introverted, Sensing, Feeling (ISFJ)",I find fulfillment in maintaining traditions and providing stability for my loved ones.
"Extraverted, Intuition, Feeling (ENFJ)",I am dedicated to fostering positive relationships and helping others achieve their potential.
"Introverted, Thinking, Perceiving (INTP)",I enjoy analyzing complex problems and finding innovative solutions.
"Extraverted, Sensing, Judging (ESTJ)",I excel at organizing and leading projects to completion with precision.
"Introverted, Intuition, Thinking (INTJ)",I am strategic and enjoy planning for the future with a clear vision.
"Extraverted, Feeling, Perceiving (ESFP)",I love socializing and bringing energy to any group I’m part of.
"Introverted, Sensing, Perceiving (ISTP)",I am practical and enjoy working on tasks that require hands-on skills.
"Extraverted, Intuition, Judging (ENFJ)",I am empathetic and often find myself leading efforts to support and uplift others.
"Introverted, Feeling, Judging (ISFJ)",I take comfort in routine and enjoy helping others feel secure.
"Extraverted, Sensing, Thinking (ESTP)",I am action-oriented and love taking on challenges that require quick thinking.
"Introverted, Intuition, Perceiving (INFP)",I am deeply reflective and enjoy exploring my thoughts through creativity.
"Extraverted, Sensing, Feeling (ESFP)","I am vibrant and love being around people, making sure everyone is having a good time."
"Introverted, Sensing, Thinking, Judging (ISTJ)",I enjoy having a structured environment where I can focus on tasks at hand.
"Extraverted, Intuition, Feeling, Perceiving (ENFP)",I am always excited to try new things and meet new people.
"Introverted, Feeling, Judging (INFJ)",I often think about how I can make a positive impact on others' lives.
"Extraverted, Sensing, Thinking (ESTP)",I thrive on action and enjoy solving problems as they arise.
